embedding_method,repeat_index,run_id,iteration,best_so_far
one_hot,1,one_hot_run01,1,1.6
one_hot,1,one_hot_run01,2,1.6
one_hot,1,one_hot_run01,3,1.6
one_hot,1,one_hot_run01,4,8.52
one_hot,1,one_hot_run01,5,16.44
one_hot,1,one_hot_run01,6,73.33
one_hot,1,one_hot_run01,7,73.33
one_hot,1,one_hot_run01,8,73.33
one_hot,1,one_hot_run01,9,73.33
one_hot,1,one_hot_run01,10,73.33
one_hot,1,one_hot_run01,11,73.33
one_hot,1,one_hot_run01,12,73.33
one_hot,1,one_hot_run01,13,73.33
one_hot,1,one_hot_run01,14,74.04
one_hot,1,one_hot_run01,15,74.04
one_hot,1,one_hot_run01,16,74.04
one_hot,1,one_hot_run01,17,74.04
one_hot,1,one_hot_run01,18,74.04
one_hot,1,one_hot_run01,19,74.04
one_hot,1,one_hot_run01,20,74.04
one_hot,1,one_hot_run01,21,74.04
one_hot,1,one_hot_run01,22,74.04
one_hot,1,one_hot_run01,23,74.04
one_hot,1,one_hot_run01,24,74.04
one_hot,1,one_hot_run01,25,78.95
one_hot,1,one_hot_run01,26,78.95
one_hot,1,one_hot_run01,27,78.95
one_hot,1,one_hot_run01,28,78.95
one_hot,1,one_hot_run01,29,78.95
one_hot,1,one_hot_run01,30,78.95
one_hot,1,one_hot_run01,31,78.95
one_hot,1,one_hot_run01,32,78.95
one_hot,1,one_hot_run01,33,78.95
one_hot,1,one_hot_run01,34,78.95
one_hot,1,one_hot_run01,35,78.95
one_hot,1,one_hot_run01,36,78.95
one_hot,1,one_hot_run01,37,78.95
one_hot,1,one_hot_run01,38,78.95
one_hot,1,one_hot_run01,39,78.95
one_hot,1,one_hot_run01,40,87.83
one_hot,1,one_hot_run01,41,87.83
one_hot,1,one_hot_run01,42,87.83
one_hot,1,one_hot_run01,43,87.83
one_hot,1,one_hot_run01,44,87.83
one_hot,1,one_hot_run01,45,87.83
one_hot,1,one_hot_run01,46,87.83
one_hot,1,one_hot_run01,47,87.83
one_hot,1,one_hot_run01,48,87.83
one_hot,1,one_hot_run01,49,87.83
one_hot,1,one_hot_run01,50,87.83
one_hot,1,one_hot_run01,51,87.83
one_hot,1,one_hot_run01,52,87.83
one_hot,1,one_hot_run01,53,87.83
one_hot,1,one_hot_run01,54,87.83
one_hot,1,one_hot_run01,55,87.83
one_hot,1,one_hot_run01,56,87.83
one_hot,1,one_hot_run01,57,87.83
one_hot,1,one_hot_run01,58,87.83
one_hot,1,one_hot_run01,59,87.83
one_hot,1,one_hot_run01,60,87.83
one_hot,1,one_hot_run01,61,87.83
one_hot,1,one_hot_run01,62,87.83
one_hot,1,one_hot_run01,63,87.83
one_hot,1,one_hot_run01,64,87.83
one_hot,1,one_hot_run01,65,87.83
one_hot,1,one_hot_run01,66,87.83
one_hot,1,one_hot_run01,67,87.83
one_hot,1,one_hot_run01,68,87.83
one_hot,1,one_hot_run01,69,87.83
one_hot,1,one_hot_run01,70,87.83
one_hot,1,one_hot_run01,71,87.83
one_hot,1,one_hot_run01,72,87.83
one_hot,1,one_hot_run01,73,87.83
one_hot,1,one_hot_run01,74,87.83
one_hot,1,one_hot_run01,75,87.83
one_hot,1,one_hot_run01,76,87.83
one_hot,1,one_hot_run01,77,87.83
one_hot,1,one_hot_run01,78,87.83
one_hot,1,one_hot_run01,79,87.83
one_hot,1,one_hot_run01,80,87.83
one_hot,2,one_hot_run02,1,9.32
one_hot,2,one_hot_run02,2,76.02
one_hot,2,one_hot_run02,3,76.02
one_hot,2,one_hot_run02,4,76.02
one_hot,2,one_hot_run02,5,76.02
one_hot,2,one_hot_run02,6,76.02
one_hot,2,one_hot_run02,7,76.02
one_hot,2,one_hot_run02,8,76.02
one_hot,2,one_hot_run02,9,76.02
one_hot,2,one_hot_run02,10,76.02
one_hot,2,one_hot_run02,11,76.02
one_hot,2,one_hot_run02,12,76.02
one_hot,2,one_hot_run02,13,76.02
one_hot,2,one_hot_run02,14,76.02
one_hot,2,one_hot_run02,15,76.02
one_hot,2,one_hot_run02,16,76.02
one_hot,2,one_hot_run02,17,76.02
one_hot,2,one_hot_run02,18,76.02
one_hot,2,one_hot_run02,19,76.02
one_hot,2,one_hot_run02,20,76.02
one_hot,2,one_hot_run02,21,83.62
one_hot,2,one_hot_run02,22,83.62
one_hot,2,one_hot_run02,23,83.62
one_hot,2,one_hot_run02,24,83.62
one_hot,2,one_hot_run02,25,83.62
one_hot,2,one_hot_run02,26,83.62
one_hot,2,one_hot_run02,27,83.62
one_hot,2,one_hot_run02,28,83.62
one_hot,2,one_hot_run02,29,83.62
one_hot,2,one_hot_run02,30,83.62
one_hot,2,one_hot_run02,31,83.62
one_hot,2,one_hot_run02,32,83.62
one_hot,2,one_hot_run02,33,83.62
one_hot,2,one_hot_run02,34,83.62
one_hot,2,one_hot_run02,35,83.62
one_hot,2,one_hot_run02,36,83.62
one_hot,2,one_hot_run02,37,83.62
one_hot,2,one_hot_run02,38,83.62
one_hot,2,one_hot_run02,39,87.83
one_hot,2,one_hot_run02,40,87.83
one_hot,2,one_hot_run02,41,87.83
one_hot,2,one_hot_run02,42,87.83
one_hot,2,one_hot_run02,43,87.83
one_hot,2,one_hot_run02,44,87.83
one_hot,2,one_hot_run02,45,87.83
one_hot,2,one_hot_run02,46,87.83
one_hot,2,one_hot_run02,47,87.83
one_hot,2,one_hot_run02,48,87.83
one_hot,2,one_hot_run02,49,87.83
one_hot,2,one_hot_run02,50,87.83
one_hot,2,one_hot_run02,51,87.83
one_hot,2,one_hot_run02,52,87.83
one_hot,2,one_hot_run02,53,87.83
one_hot,2,one_hot_run02,54,87.83
one_hot,2,one_hot_run02,55,87.83
one_hot,2,one_hot_run02,56,87.83
one_hot,2,one_hot_run02,57,87.83
one_hot,2,one_hot_run02,58,87.83
one_hot,2,one_hot_run02,59,87.83
one_hot,2,one_hot_run02,60,87.83
one_hot,2,one_hot_run02,61,87.83
one_hot,2,one_hot_run02,62,87.83
one_hot,2,one_hot_run02,63,87.83
one_hot,2,one_hot_run02,64,87.83
one_hot,2,one_hot_run02,65,87.83
one_hot,2,one_hot_run02,66,87.83
one_hot,2,one_hot_run02,67,87.83
one_hot,2,one_hot_run02,68,87.83
one_hot,2,one_hot_run02,69,87.83
one_hot,2,one_hot_run02,70,87.83
one_hot,2,one_hot_run02,71,87.83
one_hot,2,one_hot_run02,72,87.83
one_hot,2,one_hot_run02,73,87.83
one_hot,2,one_hot_run02,74,87.83
one_hot,2,one_hot_run02,75,87.83
one_hot,2,one_hot_run02,76,87.83
one_hot,2,one_hot_run02,77,87.83
one_hot,2,one_hot_run02,78,87.83
one_hot,2,one_hot_run02,79,87.83
one_hot,2,one_hot_run02,80,87.83
one_hot,3,one_hot_run03,1,0.0
one_hot,3,one_hot_run03,2,0.0
one_hot,3,one_hot_run03,3,0.0
one_hot,3,one_hot_run03,4,0.83
one_hot,3,one_hot_run03,5,29.14
one_hot,3,one_hot_run03,6,32.71
one_hot,3,one_hot_run03,7,71.81
one_hot,3,one_hot_run03,8,71.81
one_hot,3,one_hot_run03,9,82.09
one_hot,3,one_hot_run03,10,82.09
one_hot,3,one_hot_run03,11,82.09
one_hot,3,one_hot_run03,12,82.09
one_hot,3,one_hot_run03,13,82.09
one_hot,3,one_hot_run03,14,82.09
one_hot,3,one_hot_run03,15,82.09
one_hot,3,one_hot_run03,16,82.09
one_hot,3,one_hot_run03,17,82.09
one_hot,3,one_hot_run03,18,82.09
one_hot,3,one_hot_run03,19,82.09
one_hot,3,one_hot_run03,20,83.25
one_hot,3,one_hot_run03,21,83.25
one_hot,3,one_hot_run03,22,83.25
one_hot,3,one_hot_run03,23,83.25
one_hot,3,one_hot_run03,24,83.25
one_hot,3,one_hot_run03,25,83.25
one_hot,3,one_hot_run03,26,83.25
one_hot,3,one_hot_run03,27,83.25
one_hot,3,one_hot_run03,28,83.25
one_hot,3,one_hot_run03,29,83.25
one_hot,3,one_hot_run03,30,83.25
one_hot,3,one_hot_run03,31,83.25
one_hot,3,one_hot_run03,32,83.25
one_hot,3,one_hot_run03,33,83.25
one_hot,3,one_hot_run03,34,83.25
one_hot,3,one_hot_run03,35,83.25
one_hot,3,one_hot_run03,36,83.25
one_hot,3,one_hot_run03,37,83.25
one_hot,3,one_hot_run03,38,87.83
one_hot,3,one_hot_run03,39,87.83
one_hot,3,one_hot_run03,40,87.83
one_hot,3,one_hot_run03,41,87.83
one_hot,3,one_hot_run03,42,87.83
one_hot,3,one_hot_run03,43,87.83
one_hot,3,one_hot_run03,44,87.83
one_hot,3,one_hot_run03,45,87.83
one_hot,3,one_hot_run03,46,87.83
one_hot,3,one_hot_run03,47,87.83
one_hot,3,one_hot_run03,48,87.83
one_hot,3,one_hot_run03,49,87.83
one_hot,3,one_hot_run03,50,87.83
one_hot,3,one_hot_run03,51,87.83
one_hot,3,one_hot_run03,52,87.83
one_hot,3,one_hot_run03,53,87.83
one_hot,3,one_hot_run03,54,87.83
one_hot,3,one_hot_run03,55,87.83
one_hot,3,one_hot_run03,56,87.83
one_hot,3,one_hot_run03,57,87.83
one_hot,3,one_hot_run03,58,87.83
one_hot,3,one_hot_run03,59,87.83
one_hot,3,one_hot_run03,60,87.83
one_hot,3,one_hot_run03,61,87.83
one_hot,3,one_hot_run03,62,87.83
one_hot,3,one_hot_run03,63,87.83
one_hot,3,one_hot_run03,64,87.83
one_hot,3,one_hot_run03,65,87.83
one_hot,3,one_hot_run03,66,87.83
one_hot,3,one_hot_run03,67,87.83
one_hot,3,one_hot_run03,68,87.83
one_hot,3,one_hot_run03,69,87.83
one_hot,3,one_hot_run03,70,87.83
one_hot,3,one_hot_run03,71,87.83
one_hot,3,one_hot_run03,72,87.83
one_hot,3,one_hot_run03,73,87.83
one_hot,3,one_hot_run03,74,87.83
one_hot,3,one_hot_run03,75,87.83
one_hot,3,one_hot_run03,76,87.83
one_hot,3,one_hot_run03,77,87.83
one_hot,3,one_hot_run03,78,87.83
one_hot,3,one_hot_run03,79,87.83
one_hot,3,one_hot_run03,80,87.83
fingerprint_concat,1,fingerprint_concat_run01,1,0.44
fingerprint_concat,1,fingerprint_concat_run01,2,55.17
fingerprint_concat,1,fingerprint_concat_run01,3,55.17
fingerprint_concat,1,fingerprint_concat_run01,4,55.17
fingerprint_concat,1,fingerprint_concat_run01,5,55.17
fingerprint_concat,1,fingerprint_concat_run01,6,55.17
fingerprint_concat,1,fingerprint_concat_run01,7,55.17
fingerprint_concat,1,fingerprint_concat_run01,8,55.17
fingerprint_concat,1,fingerprint_concat_run01,9,90.39
fingerprint_concat,1,fingerprint_concat_run01,10,90.39
fingerprint_concat,1,fingerprint_concat_run01,11,90.39
fingerprint_concat,1,fingerprint_concat_run01,12,90.39
fingerprint_concat,1,fingerprint_concat_run01,13,92.19
fingerprint_concat,1,fingerprint_concat_run01,14,92.19
fingerprint_concat,1,fingerprint_concat_run01,15,92.19
fingerprint_concat,1,fingerprint_concat_run01,16,92.19
fingerprint_concat,1,fingerprint_concat_run01,17,92.19
fingerprint_concat,1,fingerprint_concat_run01,18,92.19
fingerprint_concat,1,fingerprint_concat_run01,19,92.19
fingerprint_concat,1,fingerprint_concat_run01,20,92.19
fingerprint_concat,1,fingerprint_concat_run01,21,92.19
fingerprint_concat,1,fingerprint_concat_run01,22,92.19
fingerprint_concat,1,fingerprint_concat_run01,23,92.19
fingerprint_concat,1,fingerprint_concat_run01,24,92.19
fingerprint_concat,1,fingerprint_concat_run01,25,92.19
fingerprint_concat,1,fingerprint_concat_run01,26,92.19
fingerprint_concat,1,fingerprint_concat_run01,27,92.19
fingerprint_concat,1,fingerprint_concat_run01,28,92.19
fingerprint_concat,1,fingerprint_concat_run01,29,92.19
fingerprint_concat,1,fingerprint_concat_run01,30,92.19
fingerprint_concat,1,fingerprint_concat_run01,31,92.19
fingerprint_concat,1,fingerprint_concat_run01,32,92.19
fingerprint_concat,1,fingerprint_concat_run01,33,92.19
fingerprint_concat,1,fingerprint_concat_run01,34,92.19
fingerprint_concat,1,fingerprint_concat_run01,35,92.19
fingerprint_concat,1,fingerprint_concat_run01,36,92.19
fingerprint_concat,1,fingerprint_concat_run01,37,92.19
fingerprint_concat,1,fingerprint_concat_run01,38,92.19
fingerprint_concat,1,fingerprint_concat_run01,39,92.19
fingerprint_concat,1,fingerprint_concat_run01,40,92.19
fingerprint_concat,1,fingerprint_concat_run01,41,92.19
fingerprint_concat,1,fingerprint_concat_run01,42,92.19
fingerprint_concat,1,fingerprint_concat_run01,43,92.19
fingerprint_concat,1,fingerprint_concat_run01,44,92.19
fingerprint_concat,1,fingerprint_concat_run01,45,92.19
fingerprint_concat,1,fingerprint_concat_run01,46,92.19
fingerprint_concat,1,fingerprint_concat_run01,47,92.19
fingerprint_concat,1,fingerprint_concat_run01,48,92.19
fingerprint_concat,1,fingerprint_concat_run01,49,92.19
fingerprint_concat,1,fingerprint_concat_run01,50,92.19
fingerprint_concat,1,fingerprint_concat_run01,51,92.19
fingerprint_concat,1,fingerprint_concat_run01,52,92.19
fingerprint_concat,1,fingerprint_concat_run01,53,92.19
fingerprint_concat,1,fingerprint_concat_run01,54,92.19
fingerprint_concat,1,fingerprint_concat_run01,55,92.19
fingerprint_concat,1,fingerprint_concat_run01,56,92.19
fingerprint_concat,1,fingerprint_concat_run01,57,92.19
fingerprint_concat,1,fingerprint_concat_run01,58,92.19
fingerprint_concat,1,fingerprint_concat_run01,59,92.19
fingerprint_concat,1,fingerprint_concat_run01,60,92.19
fingerprint_concat,1,fingerprint_concat_run01,61,92.19
fingerprint_concat,1,fingerprint_concat_run01,62,92.19
fingerprint_concat,1,fingerprint_concat_run01,63,92.19
fingerprint_concat,1,fingerprint_concat_run01,64,92.19
fingerprint_concat,1,fingerprint_concat_run01,65,92.19
fingerprint_concat,1,fingerprint_concat_run01,66,92.19
fingerprint_concat,1,fingerprint_concat_run01,67,92.19
fingerprint_concat,1,fingerprint_concat_run01,68,92.19
fingerprint_concat,1,fingerprint_concat_run01,69,92.19
fingerprint_concat,1,fingerprint_concat_run01,70,92.19
fingerprint_concat,1,fingerprint_concat_run01,71,92.19
fingerprint_concat,1,fingerprint_concat_run01,72,92.19
fingerprint_concat,1,fingerprint_concat_run01,73,92.19
fingerprint_concat,1,fingerprint_concat_run01,74,92.19
fingerprint_concat,1,fingerprint_concat_run01,75,92.19
fingerprint_concat,1,fingerprint_concat_run01,76,92.19
fingerprint_concat,1,fingerprint_concat_run01,77,92.19
fingerprint_concat,1,fingerprint_concat_run01,78,92.19
fingerprint_concat,1,fingerprint_concat_run01,79,92.19
fingerprint_concat,1,fingerprint_concat_run01,80,92.19
fingerprint_concat,2,fingerprint_concat_run02,1,19.13
fingerprint_concat,2,fingerprint_concat_run02,2,19.13
fingerprint_concat,2,fingerprint_concat_run02,3,19.13
fingerprint_concat,2,fingerprint_concat_run02,4,19.13
fingerprint_concat,2,fingerprint_concat_run02,5,19.13
fingerprint_concat,2,fingerprint_concat_run02,6,35.91
fingerprint_concat,2,fingerprint_concat_run02,7,44.48
fingerprint_concat,2,fingerprint_concat_run02,8,77.01
fingerprint_concat,2,fingerprint_concat_run02,9,77.01
fingerprint_concat,2,fingerprint_concat_run02,10,77.01
fingerprint_concat,2,fingerprint_concat_run02,11,77.01
fingerprint_concat,2,fingerprint_concat_run02,12,77.01
fingerprint_concat,2,fingerprint_concat_run02,13,77.01
fingerprint_concat,2,fingerprint_concat_run02,14,77.01
fingerprint_concat,2,fingerprint_concat_run02,15,77.01
fingerprint_concat,2,fingerprint_concat_run02,16,77.01
fingerprint_concat,2,fingerprint_concat_run02,17,77.01
fingerprint_concat,2,fingerprint_concat_run02,18,88.89
fingerprint_concat,2,fingerprint_concat_run02,19,88.89
fingerprint_concat,2,fingerprint_concat_run02,20,88.89
fingerprint_concat,2,fingerprint_concat_run02,21,88.89
fingerprint_concat,2,fingerprint_concat_run02,22,88.89
fingerprint_concat,2,fingerprint_concat_run02,23,88.89
fingerprint_concat,2,fingerprint_concat_run02,24,88.89
fingerprint_concat,2,fingerprint_concat_run02,25,88.89
fingerprint_concat,2,fingerprint_concat_run02,26,88.89
fingerprint_concat,2,fingerprint_concat_run02,27,88.89
fingerprint_concat,2,fingerprint_concat_run02,28,88.89
fingerprint_concat,2,fingerprint_concat_run02,29,88.89
fingerprint_concat,2,fingerprint_concat_run02,30,88.89
fingerprint_concat,2,fingerprint_concat_run02,31,88.89
fingerprint_concat,2,fingerprint_concat_run02,32,88.89
fingerprint_concat,2,fingerprint_concat_run02,33,88.89
fingerprint_concat,2,fingerprint_concat_run02,34,88.89
fingerprint_concat,2,fingerprint_concat_run02,35,88.89
fingerprint_concat,2,fingerprint_concat_run02,36,88.89
fingerprint_concat,2,fingerprint_concat_run02,37,88.89
fingerprint_concat,2,fingerprint_concat_run02,38,88.89
fingerprint_concat,2,fingerprint_concat_run02,39,88.89
fingerprint_concat,2,fingerprint_concat_run02,40,88.89
fingerprint_concat,2,fingerprint_concat_run02,41,88.89
fingerprint_concat,2,fingerprint_concat_run02,42,88.89
fingerprint_concat,2,fingerprint_concat_run02,43,88.89
fingerprint_concat,2,fingerprint_concat_run02,44,88.89
fingerprint_concat,2,fingerprint_concat_run02,45,88.89
fingerprint_concat,2,fingerprint_concat_run02,46,88.89
fingerprint_concat,2,fingerprint_concat_run02,47,88.89
fingerprint_concat,2,fingerprint_concat_run02,48,88.89
fingerprint_concat,2,fingerprint_concat_run02,49,88.89
fingerprint_concat,2,fingerprint_concat_run02,50,88.89
fingerprint_concat,2,fingerprint_concat_run02,51,88.89
fingerprint_concat,2,fingerprint_concat_run02,52,88.89
fingerprint_concat,2,fingerprint_concat_run02,53,88.89
fingerprint_concat,2,fingerprint_concat_run02,54,88.89
fingerprint_concat,2,fingerprint_concat_run02,55,88.89
fingerprint_concat,2,fingerprint_concat_run02,56,88.89
fingerprint_concat,2,fingerprint_concat_run02,57,88.89
fingerprint_concat,2,fingerprint_concat_run02,58,88.89
fingerprint_concat,2,fingerprint_concat_run02,59,88.89
fingerprint_concat,2,fingerprint_concat_run02,60,88.89
fingerprint_concat,2,fingerprint_concat_run02,61,88.89
fingerprint_concat,2,fingerprint_concat_run02,62,88.89
fingerprint_concat,2,fingerprint_concat_run02,63,88.89
fingerprint_concat,2,fingerprint_concat_run02,64,88.89
fingerprint_concat,2,fingerprint_concat_run02,65,88.89
fingerprint_concat,2,fingerprint_concat_run02,66,88.89
fingerprint_concat,2,fingerprint_concat_run02,67,88.89
fingerprint_concat,2,fingerprint_concat_run02,68,88.89
fingerprint_concat,2,fingerprint_concat_run02,69,88.89
fingerprint_concat,2,fingerprint_concat_run02,70,88.89
fingerprint_concat,2,fingerprint_concat_run02,71,88.89
fingerprint_concat,2,fingerprint_concat_run02,72,88.89
fingerprint_concat,2,fingerprint_concat_run02,73,88.89
fingerprint_concat,2,fingerprint_concat_run02,74,88.89
fingerprint_concat,2,fingerprint_concat_run02,75,88.89
fingerprint_concat,2,fingerprint_concat_run02,76,88.89
fingerprint_concat,2,fingerprint_concat_run02,77,88.89
fingerprint_concat,2,fingerprint_concat_run02,78,88.89
fingerprint_concat,2,fingerprint_concat_run02,79,88.89
fingerprint_concat,2,fingerprint_concat_run02,80,88.89
fingerprint_concat,3,fingerprint_concat_run03,1,34.98
fingerprint_concat,3,fingerprint_concat_run03,2,56.45
fingerprint_concat,3,fingerprint_concat_run03,3,66.27
fingerprint_concat,3,fingerprint_concat_run03,4,66.27
fingerprint_concat,3,fingerprint_concat_run03,5,66.27
fingerprint_concat,3,fingerprint_concat_run03,6,66.27
fingerprint_concat,3,fingerprint_concat_run03,7,66.27
fingerprint_concat,3,fingerprint_concat_run03,8,66.27
fingerprint_concat,3,fingerprint_concat_run03,9,66.27
fingerprint_concat,3,fingerprint_concat_run03,10,66.27
fingerprint_concat,3,fingerprint_concat_run03,11,66.27
fingerprint_concat,3,fingerprint_concat_run03,12,66.27
fingerprint_concat,3,fingerprint_concat_run03,13,66.27
fingerprint_concat,3,fingerprint_concat_run03,14,66.27
fingerprint_concat,3,fingerprint_concat_run03,15,66.27
fingerprint_concat,3,fingerprint_concat_run03,16,66.27
fingerprint_concat,3,fingerprint_concat_run03,17,76.33
fingerprint_concat,3,fingerprint_concat_run03,18,76.33
fingerprint_concat,3,fingerprint_concat_run03,19,76.33
fingerprint_concat,3,fingerprint_concat_run03,20,76.33
fingerprint_concat,3,fingerprint_concat_run03,21,76.33
fingerprint_concat,3,fingerprint_concat_run03,22,76.33
fingerprint_concat,3,fingerprint_concat_run03,23,78.95
fingerprint_concat,3,fingerprint_concat_run03,24,78.95
fingerprint_concat,3,fingerprint_concat_run03,25,78.95
fingerprint_concat,3,fingerprint_concat_run03,26,78.95
fingerprint_concat,3,fingerprint_concat_run03,27,78.95
fingerprint_concat,3,fingerprint_concat_run03,28,78.95
fingerprint_concat,3,fingerprint_concat_run03,29,78.95
fingerprint_concat,3,fingerprint_concat_run03,30,78.95
fingerprint_concat,3,fingerprint_concat_run03,31,78.95
fingerprint_concat,3,fingerprint_concat_run03,32,78.95
fingerprint_concat,3,fingerprint_concat_run03,33,78.95
fingerprint_concat,3,fingerprint_concat_run03,34,78.95
fingerprint_concat,3,fingerprint_concat_run03,35,78.95
fingerprint_concat,3,fingerprint_concat_run03,36,78.95
fingerprint_concat,3,fingerprint_concat_run03,37,78.95
fingerprint_concat,3,fingerprint_concat_run03,38,78.95
fingerprint_concat,3,fingerprint_concat_run03,39,87.83
fingerprint_concat,3,fingerprint_concat_run03,40,87.83
fingerprint_concat,3,fingerprint_concat_run03,41,87.83
fingerprint_concat,3,fingerprint_concat_run03,42,87.83
fingerprint_concat,3,fingerprint_concat_run03,43,87.83
fingerprint_concat,3,fingerprint_concat_run03,44,87.83
fingerprint_concat,3,fingerprint_concat_run03,45,87.83
fingerprint_concat,3,fingerprint_concat_run03,46,87.83
fingerprint_concat,3,fingerprint_concat_run03,47,87.83
fingerprint_concat,3,fingerprint_concat_run03,48,87.83
fingerprint_concat,3,fingerprint_concat_run03,49,87.83
fingerprint_concat,3,fingerprint_concat_run03,50,87.83
fingerprint_concat,3,fingerprint_concat_run03,51,87.83
fingerprint_concat,3,fingerprint_concat_run03,52,87.83
fingerprint_concat,3,fingerprint_concat_run03,53,87.83
fingerprint_concat,3,fingerprint_concat_run03,54,87.83
fingerprint_concat,3,fingerprint_concat_run03,55,87.83
fingerprint_concat,3,fingerprint_concat_run03,56,87.83
fingerprint_concat,3,fingerprint_concat_run03,57,87.83
fingerprint_concat,3,fingerprint_concat_run03,58,87.83
fingerprint_concat,3,fingerprint_concat_run03,59,87.83
fingerprint_concat,3,fingerprint_concat_run03,60,87.83
fingerprint_concat,3,fingerprint_concat_run03,61,87.83
fingerprint_concat,3,fingerprint_concat_run03,62,87.83
fingerprint_concat,3,fingerprint_concat_run03,63,87.83
fingerprint_concat,3,fingerprint_concat_run03,64,87.83
fingerprint_concat,3,fingerprint_concat_run03,65,87.83
fingerprint_concat,3,fingerprint_concat_run03,66,87.83
fingerprint_concat,3,fingerprint_concat_run03,67,87.83
fingerprint_concat,3,fingerprint_concat_run03,68,87.83
fingerprint_concat,3,fingerprint_concat_run03,69,87.83
fingerprint_concat,3,fingerprint_concat_run03,70,87.83
fingerprint_concat,3,fingerprint_concat_run03,71,87.83
fingerprint_concat,3,fingerprint_concat_run03,72,87.83
fingerprint_concat,3,fingerprint_concat_run03,73,87.83
fingerprint_concat,3,fingerprint_concat_run03,74,87.83
fingerprint_concat,3,fingerprint_concat_run03,75,87.83
fingerprint_concat,3,fingerprint_concat_run03,76,87.83
fingerprint_concat,3,fingerprint_concat_run03,77,87.83
fingerprint_concat,3,fingerprint_concat_run03,78,87.83
fingerprint_concat,3,fingerprint_concat_run03,79,87.83
fingerprint_concat,3,fingerprint_concat_run03,80,87.83
physicochemical_descriptors,1,physicochemical_descriptors_run01,1,21.09
physicochemical_descriptors,1,physicochemical_descriptors_run01,2,23.45
physicochemical_descriptors,1,physicochemical_descriptors_run01,3,23.45
physicochemical_descriptors,1,physicochemical_descriptors_run01,4,23.45
physicochemical_descriptors,1,physicochemical_descriptors_run01,5,23.45
physicochemical_descriptors,1,physicochemical_descriptors_run01,6,23.45
physicochemical_descriptors,1,physicochemical_descriptors_run01,7,23.45
physicochemical_descriptors,1,physicochemical_descriptors_run01,8,23.45
physicochemical_descriptors,1,physicochemical_descriptors_run01,9,23.45
physicochemical_descriptors,1,physicochemical_descriptors_run01,10,23.45
physicochemical_descriptors,1,physicochemical_descriptors_run01,11,23.45
physicochemical_descriptors,1,physicochemical_descriptors_run01,12,75.28
physicochemical_descriptors,1,physicochemical_descriptors_run01,13,75.28
physicochemical_descriptors,1,physicochemical_descriptors_run01,14,75.28
physicochemical_descriptors,1,physicochemical_descriptors_run01,15,75.28
physicochemical_descriptors,1,physicochemical_descriptors_run01,16,75.28
physicochemical_descriptors,1,physicochemical_descriptors_run01,17,75.28
physicochemical_descriptors,1,physicochemical_descriptors_run01,18,75.28
physicochemical_descriptors,1,physicochemical_descriptors_run01,19,75.28
physicochemical_descriptors,1,physicochemical_descriptors_run01,20,75.28
physicochemical_descriptors,1,physicochemical_descriptors_run01,21,75.28
physicochemical_descriptors,1,physicochemical_descriptors_run01,22,75.28
physicochemical_descriptors,1,physicochemical_descriptors_run01,23,78.95
physicochemical_descriptors,1,physicochemical_descriptors_run01,24,78.95
physicochemical_descriptors,1,physicochemical_descriptors_run01,25,78.95
physicochemical_descriptors,1,physicochemical_descriptors_run01,26,78.95
physicochemical_descriptors,1,physicochemical_descriptors_run01,27,78.95
physicochemical_descriptors,1,physicochemical_descriptors_run01,28,78.95
physicochemical_descriptors,1,physicochemical_descriptors_run01,29,78.95
physicochemical_descriptors,1,physicochemical_descriptors_run01,30,78.95
physicochemical_descriptors,1,physicochemical_descriptors_run01,31,78.95
physicochemical_descriptors,1,physicochemical_descriptors_run01,32,78.95
physicochemical_descriptors,1,physicochemical_descriptors_run01,33,78.95
physicochemical_descriptors,1,physicochemical_descriptors_run01,34,78.95
physicochemical_descriptors,1,physicochemical_descriptors_run01,35,78.95
physicochemical_descriptors,1,physicochemical_descriptors_run01,36,78.95
physicochemical_descriptors,1,physicochemical_descriptors_run01,37,87.83
physicochemical_descriptors,1,physicochemical_descriptors_run01,38,87.83
physicochemical_descriptors,1,physicochemical_descriptors_run01,39,87.83
physicochemical_descriptors,1,physicochemical_descriptors_run01,40,87.83
physicochemical_descriptors,1,physicochemical_descriptors_run01,41,87.83
physicochemical_descriptors,1,physicochemical_descriptors_run01,42,87.83
physicochemical_descriptors,1,physicochemical_descriptors_run01,43,87.83
physicochemical_descriptors,1,physicochemical_descriptors_run01,44,87.83
physicochemical_descriptors,1,physicochemical_descriptors_run01,45,87.83
physicochemical_descriptors,1,physicochemical_descriptors_run01,46,87.83
physicochemical_descriptors,1,physicochemical_descriptors_run01,47,87.83
physicochemical_descriptors,1,physicochemical_descriptors_run01,48,87.83
physicochemical_descriptors,1,physicochemical_descriptors_run01,49,87.83
physicochemical_descriptors,1,physicochemical_descriptors_run01,50,87.83
physicochemical_descriptors,1,physicochemical_descriptors_run01,51,87.83
physicochemical_descriptors,1,physicochemical_descriptors_run01,52,87.83
physicochemical_descriptors,1,physicochemical_descriptors_run01,53,87.83
physicochemical_descriptors,1,physicochemical_descriptors_run01,54,87.83
physicochemical_descriptors,1,physicochemical_descriptors_run01,55,87.83
physicochemical_descriptors,1,physicochemical_descriptors_run01,56,87.83
physicochemical_descriptors,1,physicochemical_descriptors_run01,57,87.83
physicochemical_descriptors,1,physicochemical_descriptors_run01,58,87.83
physicochemical_descriptors,1,physicochemical_descriptors_run01,59,87.83
physicochemical_descriptors,1,physicochemical_descriptors_run01,60,87.83
physicochemical_descriptors,1,physicochemical_descriptors_run01,61,87.83
physicochemical_descriptors,1,physicochemical_descriptors_run01,62,87.83
physicochemical_descriptors,1,physicochemical_descriptors_run01,63,87.83
physicochemical_descriptors,1,physicochemical_descriptors_run01,64,87.83
physicochemical_descriptors,1,physicochemical_descriptors_run01,65,87.83
physicochemical_descriptors,1,physicochemical_descriptors_run01,66,87.83
physicochemical_descriptors,1,physicochemical_descriptors_run01,67,87.83
physicochemical_descriptors,1,physicochemical_descriptors_run01,68,87.83
physicochemical_descriptors,1,physicochemical_descriptors_run01,69,87.83
physicochemical_descriptors,1,physicochemical_descriptors_run01,70,87.83
physicochemical_descriptors,1,physicochemical_descriptors_run01,71,87.83
physicochemical_descriptors,1,physicochemical_descriptors_run01,72,87.83
physicochemical_descriptors,1,physicochemical_descriptors_run01,73,87.83
physicochemical_descriptors,1,physicochemical_descriptors_run01,74,87.83
physicochemical_descriptors,1,physicochemical_descriptors_run01,75,87.83
physicochemical_descriptors,1,physicochemical_descriptors_run01,76,87.83
physicochemical_descriptors,1,physicochemical_descriptors_run01,77,87.83
physicochemical_descriptors,1,physicochemical_descriptors_run01,78,87.83
physicochemical_descriptors,1,physicochemical_descriptors_run01,79,87.83
physicochemical_descriptors,1,physicochemical_descriptors_run01,80,87.83
physicochemical_descriptors,2,physicochemical_descriptors_run02,1,18.19
physicochemical_descriptors,2,physicochemical_descriptors_run02,2,18.19
physicochemical_descriptors,2,physicochemical_descriptors_run02,3,18.19
physicochemical_descriptors,2,physicochemical_descriptors_run02,4,18.19
physicochemical_descriptors,2,physicochemical_descriptors_run02,5,18.19
physicochemical_descriptors,2,physicochemical_descriptors_run02,6,88.41
physicochemical_descriptors,2,physicochemical_descriptors_run02,7,88.41
physicochemical_descriptors,2,physicochemical_descriptors_run02,8,88.41
physicochemical_descriptors,2,physicochemical_descriptors_run02,9,88.41
physicochemical_descriptors,2,physicochemical_descriptors_run02,10,88.41
physicochemical_descriptors,2,physicochemical_descriptors_run02,11,88.41
physicochemical_descriptors,2,physicochemical_descriptors_run02,12,88.41
physicochemical_descriptors,2,physicochemical_descriptors_run02,13,88.41
physicochemical_descriptors,2,physicochemical_descriptors_run02,14,88.41
physicochemical_descriptors,2,physicochemical_descriptors_run02,15,88.41
physicochemical_descriptors,2,physicochemical_descriptors_run02,16,88.41
physicochemical_descriptors,2,physicochemical_descriptors_run02,17,88.41
physicochemical_descriptors,2,physicochemical_descriptors_run02,18,88.41
physicochemical_descriptors,2,physicochemical_descriptors_run02,19,88.41
physicochemical_descriptors,2,physicochemical_descriptors_run02,20,88.41
physicochemical_descriptors,2,physicochemical_descriptors_run02,21,88.41
physicochemical_descriptors,2,physicochemical_descriptors_run02,22,88.41
physicochemical_descriptors,2,physicochemical_descriptors_run02,23,88.41
physicochemical_descriptors,2,physicochemical_descriptors_run02,24,88.41
physicochemical_descriptors,2,physicochemical_descriptors_run02,25,88.41
physicochemical_descriptors,2,physicochemical_descriptors_run02,26,88.41
physicochemical_descriptors,2,physicochemical_descriptors_run02,27,88.41
physicochemical_descriptors,2,physicochemical_descriptors_run02,28,88.41
physicochemical_descriptors,2,physicochemical_descriptors_run02,29,88.41
physicochemical_descriptors,2,physicochemical_descriptors_run02,30,88.41
physicochemical_descriptors,2,physicochemical_descriptors_run02,31,88.41
physicochemical_descriptors,2,physicochemical_descriptors_run02,32,88.41
physicochemical_descriptors,2,physicochemical_descriptors_run02,33,88.41
physicochemical_descriptors,2,physicochemical_descriptors_run02,34,88.41
physicochemical_descriptors,2,physicochemical_descriptors_run02,35,88.41
physicochemical_descriptors,2,physicochemical_descriptors_run02,36,88.41
physicochemical_descriptors,2,physicochemical_descriptors_run02,37,88.41
physicochemical_descriptors,2,physicochemical_descriptors_run02,38,88.41
physicochemical_descriptors,2,physicochemical_descriptors_run02,39,88.41
physicochemical_descriptors,2,physicochemical_descriptors_run02,40,88.41
physicochemical_descriptors,2,physicochemical_descriptors_run02,41,88.41
physicochemical_descriptors,2,physicochemical_descriptors_run02,42,88.41
physicochemical_descriptors,2,physicochemical_descriptors_run02,43,88.41
physicochemical_descriptors,2,physicochemical_descriptors_run02,44,88.41
physicochemical_descriptors,2,physicochemical_descriptors_run02,45,88.41
physicochemical_descriptors,2,physicochemical_descriptors_run02,46,88.41
physicochemical_descriptors,2,physicochemical_descriptors_run02,47,88.41
physicochemical_descriptors,2,physicochemical_descriptors_run02,48,88.41
physicochemical_descriptors,2,physicochemical_descriptors_run02,49,88.41
physicochemical_descriptors,2,physicochemical_descriptors_run02,50,88.41
physicochemical_descriptors,2,physicochemical_descriptors_run02,51,88.41
physicochemical_descriptors,2,physicochemical_descriptors_run02,52,88.41
physicochemical_descriptors,2,physicochemical_descriptors_run02,53,88.41
physicochemical_descriptors,2,physicochemical_descriptors_run02,54,88.41
physicochemical_descriptors,2,physicochemical_descriptors_run02,55,88.41
physicochemical_descriptors,2,physicochemical_descriptors_run02,56,88.41
physicochemical_descriptors,2,physicochemical_descriptors_run02,57,88.41
physicochemical_descriptors,2,physicochemical_descriptors_run02,58,88.41
physicochemical_descriptors,2,physicochemical_descriptors_run02,59,88.41
physicochemical_descriptors,2,physicochemical_descriptors_run02,60,88.41
physicochemical_descriptors,2,physicochemical_descriptors_run02,61,88.41
physicochemical_descriptors,2,physicochemical_descriptors_run02,62,88.41
physicochemical_descriptors,2,physicochemical_descriptors_run02,63,88.41
physicochemical_descriptors,2,physicochemical_descriptors_run02,64,88.41
physicochemical_descriptors,2,physicochemical_descriptors_run02,65,88.41
physicochemical_descriptors,2,physicochemical_descriptors_run02,66,88.41
physicochemical_descriptors,2,physicochemical_descriptors_run02,67,88.41
physicochemical_descriptors,2,physicochemical_descriptors_run02,68,88.41
physicochemical_descriptors,2,physicochemical_descriptors_run02,69,88.41
physicochemical_descriptors,2,physicochemical_descriptors_run02,70,88.41
physicochemical_descriptors,2,physicochemical_descriptors_run02,71,88.41
physicochemical_descriptors,2,physicochemical_descriptors_run02,72,88.41
physicochemical_descriptors,2,physicochemical_descriptors_run02,73,88.41
physicochemical_descriptors,2,physicochemical_descriptors_run02,74,88.41
physicochemical_descriptors,2,physicochemical_descriptors_run02,75,88.41
physicochemical_descriptors,2,physicochemical_descriptors_run02,76,88.41
physicochemical_descriptors,2,physicochemical_descriptors_run02,77,88.41
physicochemical_descriptors,2,physicochemical_descriptors_run02,78,88.41
physicochemical_descriptors,2,physicochemical_descriptors_run02,79,88.41
physicochemical_descriptors,2,physicochemical_descriptors_run02,80,88.41
physicochemical_descriptors,3,physicochemical_descriptors_run03,1,40.43
physicochemical_descriptors,3,physicochemical_descriptors_run03,2,62.15
physicochemical_descriptors,3,physicochemical_descriptors_run03,3,62.15
physicochemical_descriptors,3,physicochemical_descriptors_run03,4,62.15
physicochemical_descriptors,3,physicochemical_descriptors_run03,5,62.15
physicochemical_descriptors,3,physicochemical_descriptors_run03,6,73.08
physicochemical_descriptors,3,physicochemical_descriptors_run03,7,73.08
physicochemical_descriptors,3,physicochemical_descriptors_run03,8,73.08
physicochemical_descriptors,3,physicochemical_descriptors_run03,9,73.08
physicochemical_descriptors,3,physicochemical_descriptors_run03,10,84.81
physicochemical_descriptors,3,physicochemical_descriptors_run03,11,84.81
physicochemical_descriptors,3,physicochemical_descriptors_run03,12,84.81
physicochemical_descriptors,3,physicochemical_descriptors_run03,13,84.81
physicochemical_descriptors,3,physicochemical_descriptors_run03,14,84.81
physicochemical_descriptors,3,physicochemical_descriptors_run03,15,84.81
physicochemical_descriptors,3,physicochemical_descriptors_run03,16,84.81
physicochemical_descriptors,3,physicochemical_descriptors_run03,17,84.81
physicochemical_descriptors,3,physicochemical_descriptors_run03,18,84.81
physicochemical_descriptors,3,physicochemical_descriptors_run03,19,84.81
physicochemical_descriptors,3,physicochemical_descriptors_run03,20,84.81
physicochemical_descriptors,3,physicochemical_descriptors_run03,21,84.81
physicochemical_descriptors,3,physicochemical_descriptors_run03,22,88.41
physicochemical_descriptors,3,physicochemical_descriptors_run03,23,88.41
physicochemical_descriptors,3,physicochemical_descriptors_run03,24,88.41
physicochemical_descriptors,3,physicochemical_descriptors_run03,25,88.41
physicochemical_descriptors,3,physicochemical_descriptors_run03,26,88.41
physicochemical_descriptors,3,physicochemical_descriptors_run03,27,88.41
physicochemical_descriptors,3,physicochemical_descriptors_run03,28,88.41
physicochemical_descriptors,3,physicochemical_descriptors_run03,29,88.41
physicochemical_descriptors,3,physicochemical_descriptors_run03,30,88.41
physicochemical_descriptors,3,physicochemical_descriptors_run03,31,88.41
physicochemical_descriptors,3,physicochemical_descriptors_run03,32,88.41
physicochemical_descriptors,3,physicochemical_descriptors_run03,33,88.41
physicochemical_descriptors,3,physicochemical_descriptors_run03,34,88.41
physicochemical_descriptors,3,physicochemical_descriptors_run03,35,88.41
physicochemical_descriptors,3,physicochemical_descriptors_run03,36,88.41
physicochemical_descriptors,3,physicochemical_descriptors_run03,37,88.41
physicochemical_descriptors,3,physicochemical_descriptors_run03,38,88.41
physicochemical_descriptors,3,physicochemical_descriptors_run03,39,88.41
physicochemical_descriptors,3,physicochemical_descriptors_run03,40,88.41
physicochemical_descriptors,3,physicochemical_descriptors_run03,41,88.41
physicochemical_descriptors,3,physicochemical_descriptors_run03,42,88.41
physicochemical_descriptors,3,physicochemical_descriptors_run03,43,88.41
physicochemical_descriptors,3,physicochemical_descriptors_run03,44,88.41
physicochemical_descriptors,3,physicochemical_descriptors_run03,45,88.41
physicochemical_descriptors,3,physicochemical_descriptors_run03,46,88.41
physicochemical_descriptors,3,physicochemical_descriptors_run03,47,88.41
physicochemical_descriptors,3,physicochemical_descriptors_run03,48,88.41
physicochemical_descriptors,3,physicochemical_descriptors_run03,49,88.41
physicochemical_descriptors,3,physicochemical_descriptors_run03,50,88.41
physicochemical_descriptors,3,physicochemical_descriptors_run03,51,88.41
physicochemical_descriptors,3,physicochemical_descriptors_run03,52,88.41
physicochemical_descriptors,3,physicochemical_descriptors_run03,53,88.41
physicochemical_descriptors,3,physicochemical_descriptors_run03,54,88.41
physicochemical_descriptors,3,physicochemical_descriptors_run03,55,88.41
physicochemical_descriptors,3,physicochemical_descriptors_run03,56,88.41
physicochemical_descriptors,3,physicochemical_descriptors_run03,57,88.41
physicochemical_descriptors,3,physicochemical_descriptors_run03,58,88.41
physicochemical_descriptors,3,physicochemical_descriptors_run03,59,88.41
physicochemical_descriptors,3,physicochemical_descriptors_run03,60,88.41
physicochemical_descriptors,3,physicochemical_descriptors_run03,61,88.41
physicochemical_descriptors,3,physicochemical_descriptors_run03,62,88.41
physicochemical_descriptors,3,physicochemical_descriptors_run03,63,88.41
physicochemical_descriptors,3,physicochemical_descriptors_run03,64,88.41
physicochemical_descriptors,3,physicochemical_descriptors_run03,65,88.41
physicochemical_descriptors,3,physicochemical_descriptors_run03,66,88.41
physicochemical_descriptors,3,physicochemical_descriptors_run03,67,88.41
physicochemical_descriptors,3,physicochemical_descriptors_run03,68,88.41
physicochemical_descriptors,3,physicochemical_descriptors_run03,69,88.41
physicochemical_descriptors,3,physicochemical_descriptors_run03,70,88.41
physicochemical_descriptors,3,physicochemical_descriptors_run03,71,88.41
physicochemical_descriptors,3,physicochemical_descriptors_run03,72,88.41
physicochemical_descriptors,3,physicochemical_descriptors_run03,73,88.41
physicochemical_descriptors,3,physicochemical_descriptors_run03,74,88.41
physicochemical_descriptors,3,physicochemical_descriptors_run03,75,88.41
physicochemical_descriptors,3,physicochemical_descriptors_run03,76,88.41
physicochemical_descriptors,3,physicochemical_descriptors_run03,77,88.41
physicochemical_descriptors,3,physicochemical_descriptors_run03,78,88.41
physicochemical_descriptors,3,physicochemical_descriptors_run03,79,88.41
physicochemical_descriptors,3,physicochemical_descriptors_run03,80,88.41
molclr_concat,1,molclr_concat_run01,1,9.03
molclr_concat,1,molclr_concat_run01,2,31.13
molclr_concat,1,molclr_concat_run01,3,31.13
molclr_concat,1,molclr_concat_run01,4,31.13
molclr_concat,1,molclr_concat_run01,5,31.13
molclr_concat,1,molclr_concat_run01,6,31.13
molclr_concat,1,molclr_concat_run01,7,31.13
molclr_concat,1,molclr_concat_run01,8,31.13
molclr_concat,1,molclr_concat_run01,9,31.13
molclr_concat,1,molclr_concat_run01,10,31.38
molclr_concat,1,molclr_concat_run01,11,45.01
molclr_concat,1,molclr_concat_run01,12,45.01
molclr_concat,1,molclr_concat_run01,13,45.01
molclr_concat,1,molclr_concat_run01,14,45.01
molclr_concat,1,molclr_concat_run01,15,45.01
molclr_concat,1,molclr_concat_run01,16,45.01
molclr_concat,1,molclr_concat_run01,17,45.01
molclr_concat,1,molclr_concat_run01,18,45.01
molclr_concat,1,molclr_concat_run01,19,78.93
molclr_concat,1,molclr_concat_run01,20,78.93
molclr_concat,1,molclr_concat_run01,21,78.93
molclr_concat,1,molclr_concat_run01,22,78.95
molclr_concat,1,molclr_concat_run01,23,78.95
molclr_concat,1,molclr_concat_run01,24,78.95
molclr_concat,1,molclr_concat_run01,25,78.95
molclr_concat,1,molclr_concat_run01,26,78.95
molclr_concat,1,molclr_concat_run01,27,78.95
molclr_concat,1,molclr_concat_run01,28,78.95
molclr_concat,1,molclr_concat_run01,29,78.95
molclr_concat,1,molclr_concat_run01,30,78.95
molclr_concat,1,molclr_concat_run01,31,78.95
molclr_concat,1,molclr_concat_run01,32,78.95
molclr_concat,1,molclr_concat_run01,33,78.95
molclr_concat,1,molclr_concat_run01,34,78.95
molclr_concat,1,molclr_concat_run01,35,78.95
molclr_concat,1,molclr_concat_run01,36,78.95
molclr_concat,1,molclr_concat_run01,37,78.95
molclr_concat,1,molclr_concat_run01,38,78.95
molclr_concat,1,molclr_concat_run01,39,87.83
molclr_concat,1,molclr_concat_run01,40,87.83
molclr_concat,1,molclr_concat_run01,41,87.83
molclr_concat,1,molclr_concat_run01,42,87.83
molclr_concat,1,molclr_concat_run01,43,87.83
molclr_concat,1,molclr_concat_run01,44,87.83
molclr_concat,1,molclr_concat_run01,45,87.83
molclr_concat,1,molclr_concat_run01,46,87.83
molclr_concat,1,molclr_concat_run01,47,87.83
molclr_concat,1,molclr_concat_run01,48,87.83
molclr_concat,1,molclr_concat_run01,49,87.83
molclr_concat,1,molclr_concat_run01,50,87.83
molclr_concat,1,molclr_concat_run01,51,87.83
molclr_concat,1,molclr_concat_run01,52,87.83
molclr_concat,1,molclr_concat_run01,53,87.83
molclr_concat,1,molclr_concat_run01,54,87.83
molclr_concat,1,molclr_concat_run01,55,87.83
molclr_concat,1,molclr_concat_run01,56,87.83
molclr_concat,1,molclr_concat_run01,57,87.83
molclr_concat,1,molclr_concat_run01,58,87.83
molclr_concat,1,molclr_concat_run01,59,87.83
molclr_concat,1,molclr_concat_run01,60,87.83
molclr_concat,1,molclr_concat_run01,61,87.83
molclr_concat,1,molclr_concat_run01,62,87.83
molclr_concat,1,molclr_concat_run01,63,87.83
molclr_concat,1,molclr_concat_run01,64,87.83
molclr_concat,1,molclr_concat_run01,65,87.83
molclr_concat,1,molclr_concat_run01,66,87.83
molclr_concat,1,molclr_concat_run01,67,87.83
molclr_concat,1,molclr_concat_run01,68,87.83
molclr_concat,1,molclr_concat_run01,69,87.83
molclr_concat,1,molclr_concat_run01,70,87.83
molclr_concat,1,molclr_concat_run01,71,87.83
molclr_concat,1,molclr_concat_run01,72,87.83
molclr_concat,1,molclr_concat_run01,73,87.83
molclr_concat,1,molclr_concat_run01,74,87.83
molclr_concat,1,molclr_concat_run01,75,87.83
molclr_concat,1,molclr_concat_run01,76,87.83
molclr_concat,1,molclr_concat_run01,77,87.83
molclr_concat,1,molclr_concat_run01,78,87.83
molclr_concat,1,molclr_concat_run01,79,87.83
molclr_concat,1,molclr_concat_run01,80,87.83
molclr_concat,2,molclr_concat_run02,1,6.38
molclr_concat,2,molclr_concat_run02,2,23.1
molclr_concat,2,molclr_concat_run02,3,23.1
molclr_concat,2,molclr_concat_run02,4,23.1
molclr_concat,2,molclr_concat_run02,5,26.5
molclr_concat,2,molclr_concat_run02,6,26.5
molclr_concat,2,molclr_concat_run02,7,26.5
molclr_concat,2,molclr_concat_run02,8,62.07
molclr_concat,2,molclr_concat_run02,9,62.07
molclr_concat,2,molclr_concat_run02,10,62.07
molclr_concat,2,molclr_concat_run02,11,62.07
molclr_concat,2,molclr_concat_run02,12,62.07
molclr_concat,2,molclr_concat_run02,13,62.07
molclr_concat,2,molclr_concat_run02,14,62.07
molclr_concat,2,molclr_concat_run02,15,62.07
molclr_concat,2,molclr_concat_run02,16,62.07
molclr_concat,2,molclr_concat_run02,17,62.07
molclr_concat,2,molclr_concat_run02,18,62.07
molclr_concat,2,molclr_concat_run02,19,62.07
molclr_concat,2,molclr_concat_run02,20,62.07
molclr_concat,2,molclr_concat_run02,21,62.07
molclr_concat,2,molclr_concat_run02,22,62.07
molclr_concat,2,molclr_concat_run02,23,62.07
molclr_concat,2,molclr_concat_run02,24,62.07
molclr_concat,2,molclr_concat_run02,25,91.27
molclr_concat,2,molclr_concat_run02,26,91.27
molclr_concat,2,molclr_concat_run02,27,91.27
molclr_concat,2,molclr_concat_run02,28,91.27
molclr_concat,2,molclr_concat_run02,29,91.27
molclr_concat,2,molclr_concat_run02,30,91.27
molclr_concat,2,molclr_concat_run02,31,91.27
molclr_concat,2,molclr_concat_run02,32,91.27
molclr_concat,2,molclr_concat_run02,33,91.27
molclr_concat,2,molclr_concat_run02,34,91.27
molclr_concat,2,molclr_concat_run02,35,91.27
molclr_concat,2,molclr_concat_run02,36,91.27
molclr_concat,2,molclr_concat_run02,37,91.27
molclr_concat,2,molclr_concat_run02,38,91.27
molclr_concat,2,molclr_concat_run02,39,91.27
molclr_concat,2,molclr_concat_run02,40,91.27
molclr_concat,2,molclr_concat_run02,41,91.27
molclr_concat,2,molclr_concat_run02,42,91.27
molclr_concat,2,molclr_concat_run02,43,91.27
molclr_concat,2,molclr_concat_run02,44,91.27
molclr_concat,2,molclr_concat_run02,45,91.27
molclr_concat,2,molclr_concat_run02,46,91.27
molclr_concat,2,molclr_concat_run02,47,91.27
molclr_concat,2,molclr_concat_run02,48,91.27
molclr_concat,2,molclr_concat_run02,49,91.27
molclr_concat,2,molclr_concat_run02,50,91.27
molclr_concat,2,molclr_concat_run02,51,91.27
molclr_concat,2,molclr_concat_run02,52,91.27
molclr_concat,2,molclr_concat_run02,53,91.27
molclr_concat,2,molclr_concat_run02,54,91.27
molclr_concat,2,molclr_concat_run02,55,91.27
molclr_concat,2,molclr_concat_run02,56,91.27
molclr_concat,2,molclr_concat_run02,57,91.27
molclr_concat,2,molclr_concat_run02,58,91.27
molclr_concat,2,molclr_concat_run02,59,91.27
molclr_concat,2,molclr_concat_run02,60,91.27
molclr_concat,2,molclr_concat_run02,61,91.27
molclr_concat,2,molclr_concat_run02,62,91.27
molclr_concat,2,molclr_concat_run02,63,91.27
molclr_concat,2,molclr_concat_run02,64,91.27
molclr_concat,2,molclr_concat_run02,65,91.27
molclr_concat,2,molclr_concat_run02,66,91.27
molclr_concat,2,molclr_concat_run02,67,91.27
molclr_concat,2,molclr_concat_run02,68,91.27
molclr_concat,2,molclr_concat_run02,69,91.27
molclr_concat,2,molclr_concat_run02,70,91.27
molclr_concat,2,molclr_concat_run02,71,91.27
molclr_concat,2,molclr_concat_run02,72,91.27
molclr_concat,2,molclr_concat_run02,73,91.27
molclr_concat,2,molclr_concat_run02,74,91.27
molclr_concat,2,molclr_concat_run02,75,91.27
molclr_concat,2,molclr_concat_run02,76,91.27
molclr_concat,2,molclr_concat_run02,77,91.27
molclr_concat,2,molclr_concat_run02,78,91.27
molclr_concat,2,molclr_concat_run02,79,91.27
molclr_concat,2,molclr_concat_run02,80,91.27
molclr_concat,3,molclr_concat_run03,1,0.0
molclr_concat,3,molclr_concat_run03,2,3.35
molclr_concat,3,molclr_concat_run03,3,3.35
molclr_concat,3,molclr_concat_run03,4,9.1
molclr_concat,3,molclr_concat_run03,5,9.1
molclr_concat,3,molclr_concat_run03,6,26.29
molclr_concat,3,molclr_concat_run03,7,40.43
molclr_concat,3,molclr_concat_run03,8,40.43
molclr_concat,3,molclr_concat_run03,9,40.43
molclr_concat,3,molclr_concat_run03,10,41.1
molclr_concat,3,molclr_concat_run03,11,41.1
molclr_concat,3,molclr_concat_run03,12,41.1
molclr_concat,3,molclr_concat_run03,13,41.1
molclr_concat,3,molclr_concat_run03,14,66.84
molclr_concat,3,molclr_concat_run03,15,66.84
molclr_concat,3,molclr_concat_run03,16,66.84
molclr_concat,3,molclr_concat_run03,17,66.84
molclr_concat,3,molclr_concat_run03,18,66.84
molclr_concat,3,molclr_concat_run03,19,66.84
molclr_concat,3,molclr_concat_run03,20,66.84
molclr_concat,3,molclr_concat_run03,21,66.84
molclr_concat,3,molclr_concat_run03,22,66.84
molclr_concat,3,molclr_concat_run03,23,78.95
molclr_concat,3,molclr_concat_run03,24,78.95
molclr_concat,3,molclr_concat_run03,25,78.95
molclr_concat,3,molclr_concat_run03,26,78.95
molclr_concat,3,molclr_concat_run03,27,78.95
molclr_concat,3,molclr_concat_run03,28,78.95
molclr_concat,3,molclr_concat_run03,29,78.95
molclr_concat,3,molclr_concat_run03,30,78.95
molclr_concat,3,molclr_concat_run03,31,78.95
molclr_concat,3,molclr_concat_run03,32,78.95
molclr_concat,3,molclr_concat_run03,33,78.95
molclr_concat,3,molclr_concat_run03,34,78.95
molclr_concat,3,molclr_concat_run03,35,78.95
molclr_concat,3,molclr_concat_run03,36,78.95
molclr_concat,3,molclr_concat_run03,37,78.95
molclr_concat,3,molclr_concat_run03,38,78.95
molclr_concat,3,molclr_concat_run03,39,78.95
molclr_concat,3,molclr_concat_run03,40,87.83
molclr_concat,3,molclr_concat_run03,41,87.83
molclr_concat,3,molclr_concat_run03,42,87.83
molclr_concat,3,molclr_concat_run03,43,87.83
molclr_concat,3,molclr_concat_run03,44,87.83
molclr_concat,3,molclr_concat_run03,45,87.83
molclr_concat,3,molclr_concat_run03,46,87.83
molclr_concat,3,molclr_concat_run03,47,87.83
molclr_concat,3,molclr_concat_run03,48,87.83
molclr_concat,3,molclr_concat_run03,49,87.83
molclr_concat,3,molclr_concat_run03,50,87.83
molclr_concat,3,molclr_concat_run03,51,87.83
molclr_concat,3,molclr_concat_run03,52,87.83
molclr_concat,3,molclr_concat_run03,53,87.83
molclr_concat,3,molclr_concat_run03,54,87.83
molclr_concat,3,molclr_concat_run03,55,87.83
molclr_concat,3,molclr_concat_run03,56,87.83
molclr_concat,3,molclr_concat_run03,57,87.83
molclr_concat,3,molclr_concat_run03,58,87.83
molclr_concat,3,molclr_concat_run03,59,87.83
molclr_concat,3,molclr_concat_run03,60,87.83
molclr_concat,3,molclr_concat_run03,61,87.83
molclr_concat,3,molclr_concat_run03,62,87.83
molclr_concat,3,molclr_concat_run03,63,87.83
molclr_concat,3,molclr_concat_run03,64,87.83
molclr_concat,3,molclr_concat_run03,65,87.83
molclr_concat,3,molclr_concat_run03,66,87.83
molclr_concat,3,molclr_concat_run03,67,87.83
molclr_concat,3,molclr_concat_run03,68,87.83
molclr_concat,3,molclr_concat_run03,69,87.83
molclr_concat,3,molclr_concat_run03,70,87.83
molclr_concat,3,molclr_concat_run03,71,87.83
molclr_concat,3,molclr_concat_run03,72,87.83
molclr_concat,3,molclr_concat_run03,73,87.83
molclr_concat,3,molclr_concat_run03,74,87.83
molclr_concat,3,molclr_concat_run03,75,87.83
molclr_concat,3,molclr_concat_run03,76,87.83
molclr_concat,3,molclr_concat_run03,77,87.83
molclr_concat,3,molclr_concat_run03,78,87.83
molclr_concat,3,molclr_concat_run03,79,87.83
molclr_concat,3,molclr_concat_run03,80,87.83
chemberta_concat,1,chemberta_concat_run01,1,0.0
chemberta_concat,1,chemberta_concat_run01,2,0.98
chemberta_concat,1,chemberta_concat_run01,3,0.98
chemberta_concat,1,chemberta_concat_run01,4,0.98
chemberta_concat,1,chemberta_concat_run01,5,0.98
chemberta_concat,1,chemberta_concat_run01,6,0.98
chemberta_concat,1,chemberta_concat_run01,7,18.72
chemberta_concat,1,chemberta_concat_run01,8,18.72
chemberta_concat,1,chemberta_concat_run01,9,52.56
chemberta_concat,1,chemberta_concat_run01,10,52.56
chemberta_concat,1,chemberta_concat_run01,11,52.56
chemberta_concat,1,chemberta_concat_run01,12,52.56
chemberta_concat,1,chemberta_concat_run01,13,52.56
chemberta_concat,1,chemberta_concat_run01,14,52.56
chemberta_concat,1,chemberta_concat_run01,15,52.56
chemberta_concat,1,chemberta_concat_run01,16,59.27
chemberta_concat,1,chemberta_concat_run01,17,59.27
chemberta_concat,1,chemberta_concat_run01,18,59.27
chemberta_concat,1,chemberta_concat_run01,19,59.27
chemberta_concat,1,chemberta_concat_run01,20,59.27
chemberta_concat,1,chemberta_concat_run01,21,59.27
chemberta_concat,1,chemberta_concat_run01,22,59.27
chemberta_concat,1,chemberta_concat_run01,23,78.95
chemberta_concat,1,chemberta_concat_run01,24,78.95
chemberta_concat,1,chemberta_concat_run01,25,78.95
chemberta_concat,1,chemberta_concat_run01,26,78.95
chemberta_concat,1,chemberta_concat_run01,27,78.95
chemberta_concat,1,chemberta_concat_run01,28,78.95
chemberta_concat,1,chemberta_concat_run01,29,78.95
chemberta_concat,1,chemberta_concat_run01,30,78.95
chemberta_concat,1,chemberta_concat_run01,31,78.95
chemberta_concat,1,chemberta_concat_run01,32,78.95
chemberta_concat,1,chemberta_concat_run01,33,78.95
chemberta_concat,1,chemberta_concat_run01,34,78.95
chemberta_concat,1,chemberta_concat_run01,35,78.95
chemberta_concat,1,chemberta_concat_run01,36,78.95
chemberta_concat,1,chemberta_concat_run01,37,78.95
chemberta_concat,1,chemberta_concat_run01,38,78.95
chemberta_concat,1,chemberta_concat_run01,39,78.95
chemberta_concat,1,chemberta_concat_run01,40,78.95
chemberta_concat,1,chemberta_concat_run01,41,78.95
chemberta_concat,1,chemberta_concat_run01,42,78.95
chemberta_concat,1,chemberta_concat_run01,43,78.95
chemberta_concat,1,chemberta_concat_run01,44,78.95
chemberta_concat,1,chemberta_concat_run01,45,78.95
chemberta_concat,1,chemberta_concat_run01,46,78.95
chemberta_concat,1,chemberta_concat_run01,47,87.83
chemberta_concat,1,chemberta_concat_run01,48,87.83
chemberta_concat,1,chemberta_concat_run01,49,87.83
chemberta_concat,1,chemberta_concat_run01,50,87.83
chemberta_concat,1,chemberta_concat_run01,51,87.83
chemberta_concat,1,chemberta_concat_run01,52,87.83
chemberta_concat,1,chemberta_concat_run01,53,88.89
chemberta_concat,1,chemberta_concat_run01,54,88.89
chemberta_concat,1,chemberta_concat_run01,55,88.89
chemberta_concat,1,chemberta_concat_run01,56,88.89
chemberta_concat,1,chemberta_concat_run01,57,88.89
chemberta_concat,1,chemberta_concat_run01,58,88.89
chemberta_concat,1,chemberta_concat_run01,59,88.89
chemberta_concat,1,chemberta_concat_run01,60,88.89
chemberta_concat,1,chemberta_concat_run01,61,88.89
chemberta_concat,1,chemberta_concat_run01,62,88.89
chemberta_concat,1,chemberta_concat_run01,63,88.89
chemberta_concat,1,chemberta_concat_run01,64,88.89
chemberta_concat,1,chemberta_concat_run01,65,88.89
chemberta_concat,1,chemberta_concat_run01,66,88.89
chemberta_concat,1,chemberta_concat_run01,67,88.89
chemberta_concat,1,chemberta_concat_run01,68,88.89
chemberta_concat,1,chemberta_concat_run01,69,88.89
chemberta_concat,1,chemberta_concat_run01,70,88.89
chemberta_concat,1,chemberta_concat_run01,71,88.89
chemberta_concat,1,chemberta_concat_run01,72,88.89
chemberta_concat,1,chemberta_concat_run01,73,88.89
chemberta_concat,1,chemberta_concat_run01,74,88.89
chemberta_concat,1,chemberta_concat_run01,75,88.89
chemberta_concat,1,chemberta_concat_run01,76,88.89
chemberta_concat,1,chemberta_concat_run01,77,88.89
chemberta_concat,1,chemberta_concat_run01,78,88.89
chemberta_concat,1,chemberta_concat_run01,79,88.89
chemberta_concat,1,chemberta_concat_run01,80,88.89
chemberta_concat,2,chemberta_concat_run02,1,0.0
chemberta_concat,2,chemberta_concat_run02,2,27.93
chemberta_concat,2,chemberta_concat_run02,3,53.02
chemberta_concat,2,chemberta_concat_run02,4,53.02
chemberta_concat,2,chemberta_concat_run02,5,53.02
chemberta_concat,2,chemberta_concat_run02,6,53.02
chemberta_concat,2,chemberta_concat_run02,7,53.02
chemberta_concat,2,chemberta_concat_run02,8,53.02
chemberta_concat,2,chemberta_concat_run02,9,53.02
chemberta_concat,2,chemberta_concat_run02,10,53.02
chemberta_concat,2,chemberta_concat_run02,11,53.02
chemberta_concat,2,chemberta_concat_run02,12,53.02
chemberta_concat,2,chemberta_concat_run02,13,53.02
chemberta_concat,2,chemberta_concat_run02,14,76.33
chemberta_concat,2,chemberta_concat_run02,15,76.33
chemberta_concat,2,chemberta_concat_run02,16,76.33
chemberta_concat,2,chemberta_concat_run02,17,76.33
chemberta_concat,2,chemberta_concat_run02,18,76.33
chemberta_concat,2,chemberta_concat_run02,19,76.33
chemberta_concat,2,chemberta_concat_run02,20,76.33
chemberta_concat,2,chemberta_concat_run02,21,76.33
chemberta_concat,2,chemberta_concat_run02,22,76.33
chemberta_concat,2,chemberta_concat_run02,23,76.33
chemberta_concat,2,chemberta_concat_run02,24,78.95
chemberta_concat,2,chemberta_concat_run02,25,78.95
chemberta_concat,2,chemberta_concat_run02,26,78.95
chemberta_concat,2,chemberta_concat_run02,27,78.95
chemberta_concat,2,chemberta_concat_run02,28,78.95
chemberta_concat,2,chemberta_concat_run02,29,78.95
chemberta_concat,2,chemberta_concat_run02,30,78.95
chemberta_concat,2,chemberta_concat_run02,31,78.95
chemberta_concat,2,chemberta_concat_run02,32,78.95
chemberta_concat,2,chemberta_concat_run02,33,78.95
chemberta_concat,2,chemberta_concat_run02,34,78.95
chemberta_concat,2,chemberta_concat_run02,35,78.95
chemberta_concat,2,chemberta_concat_run02,36,78.95
chemberta_concat,2,chemberta_concat_run02,37,78.95
chemberta_concat,2,chemberta_concat_run02,38,78.95
chemberta_concat,2,chemberta_concat_run02,39,78.95
chemberta_concat,2,chemberta_concat_run02,40,78.95
chemberta_concat,2,chemberta_concat_run02,41,87.83
chemberta_concat,2,chemberta_concat_run02,42,87.83
chemberta_concat,2,chemberta_concat_run02,43,87.83
chemberta_concat,2,chemberta_concat_run02,44,87.83
chemberta_concat,2,chemberta_concat_run02,45,87.83
chemberta_concat,2,chemberta_concat_run02,46,87.83
chemberta_concat,2,chemberta_concat_run02,47,87.83
chemberta_concat,2,chemberta_concat_run02,48,87.83
chemberta_concat,2,chemberta_concat_run02,49,87.83
chemberta_concat,2,chemberta_concat_run02,50,87.83
chemberta_concat,2,chemberta_concat_run02,51,87.83
chemberta_concat,2,chemberta_concat_run02,52,87.83
chemberta_concat,2,chemberta_concat_run02,53,87.83
chemberta_concat,2,chemberta_concat_run02,54,87.83
chemberta_concat,2,chemberta_concat_run02,55,87.83
chemberta_concat,2,chemberta_concat_run02,56,87.83
chemberta_concat,2,chemberta_concat_run02,57,87.83
chemberta_concat,2,chemberta_concat_run02,58,87.83
chemberta_concat,2,chemberta_concat_run02,59,87.83
chemberta_concat,2,chemberta_concat_run02,60,87.83
chemberta_concat,2,chemberta_concat_run02,61,87.83
chemberta_concat,2,chemberta_concat_run02,62,87.83
chemberta_concat,2,chemberta_concat_run02,63,87.83
chemberta_concat,2,chemberta_concat_run02,64,87.83
chemberta_concat,2,chemberta_concat_run02,65,87.83
chemberta_concat,2,chemberta_concat_run02,66,87.83
chemberta_concat,2,chemberta_concat_run02,67,87.83
chemberta_concat,2,chemberta_concat_run02,68,87.83
chemberta_concat,2,chemberta_concat_run02,69,87.83
chemberta_concat,2,chemberta_concat_run02,70,87.83
chemberta_concat,2,chemberta_concat_run02,71,87.83
chemberta_concat,2,chemberta_concat_run02,72,87.83
chemberta_concat,2,chemberta_concat_run02,73,87.83
chemberta_concat,2,chemberta_concat_run02,74,87.83
chemberta_concat,2,chemberta_concat_run02,75,87.83
chemberta_concat,2,chemberta_concat_run02,76,87.83
chemberta_concat,2,chemberta_concat_run02,77,87.83
chemberta_concat,2,chemberta_concat_run02,78,87.83
chemberta_concat,2,chemberta_concat_run02,79,87.83
chemberta_concat,2,chemberta_concat_run02,80,87.83
chemberta_concat,3,chemberta_concat_run03,1,0.0
chemberta_concat,3,chemberta_concat_run03,2,56.05
chemberta_concat,3,chemberta_concat_run03,3,81.48
chemberta_concat,3,chemberta_concat_run03,4,81.48
chemberta_concat,3,chemberta_concat_run03,5,81.48
chemberta_concat,3,chemberta_concat_run03,6,81.48
chemberta_concat,3,chemberta_concat_run03,7,81.48
chemberta_concat,3,chemberta_concat_run03,8,81.48
chemberta_concat,3,chemberta_concat_run03,9,81.48
chemberta_concat,3,chemberta_concat_run03,10,81.48
chemberta_concat,3,chemberta_concat_run03,11,81.48
chemberta_concat,3,chemberta_concat_run03,12,81.48
chemberta_concat,3,chemberta_concat_run03,13,81.48
chemberta_concat,3,chemberta_concat_run03,14,81.48
chemberta_concat,3,chemberta_concat_run03,15,81.48
chemberta_concat,3,chemberta_concat_run03,16,81.48
chemberta_concat,3,chemberta_concat_run03,17,81.48
chemberta_concat,3,chemberta_concat_run03,18,81.48
chemberta_concat,3,chemberta_concat_run03,19,81.48
chemberta_concat,3,chemberta_concat_run03,20,81.48
chemberta_concat,3,chemberta_concat_run03,21,81.48
chemberta_concat,3,chemberta_concat_run03,22,81.48
chemberta_concat,3,chemberta_concat_run03,23,81.48
chemberta_concat,3,chemberta_concat_run03,24,81.48
chemberta_concat,3,chemberta_concat_run03,25,81.48
chemberta_concat,3,chemberta_concat_run03,26,81.48
chemberta_concat,3,chemberta_concat_run03,27,81.48
chemberta_concat,3,chemberta_concat_run03,28,81.48
chemberta_concat,3,chemberta_concat_run03,29,81.48
chemberta_concat,3,chemberta_concat_run03,30,81.48
chemberta_concat,3,chemberta_concat_run03,31,81.48
chemberta_concat,3,chemberta_concat_run03,32,81.48
chemberta_concat,3,chemberta_concat_run03,33,81.48
chemberta_concat,3,chemberta_concat_run03,34,81.48
chemberta_concat,3,chemberta_concat_run03,35,81.48
chemberta_concat,3,chemberta_concat_run03,36,81.48
chemberta_concat,3,chemberta_concat_run03,37,81.48
chemberta_concat,3,chemberta_concat_run03,38,81.48
chemberta_concat,3,chemberta_concat_run03,39,81.48
chemberta_concat,3,chemberta_concat_run03,40,84.17
chemberta_concat,3,chemberta_concat_run03,41,84.17
chemberta_concat,3,chemberta_concat_run03,42,84.17
chemberta_concat,3,chemberta_concat_run03,43,84.17
chemberta_concat,3,chemberta_concat_run03,44,87.83
chemberta_concat,3,chemberta_concat_run03,45,87.83
chemberta_concat,3,chemberta_concat_run03,46,87.83
chemberta_concat,3,chemberta_concat_run03,47,87.83
chemberta_concat,3,chemberta_concat_run03,48,87.83
chemberta_concat,3,chemberta_concat_run03,49,87.83
chemberta_concat,3,chemberta_concat_run03,50,87.83
chemberta_concat,3,chemberta_concat_run03,51,87.83
chemberta_concat,3,chemberta_concat_run03,52,87.83
chemberta_concat,3,chemberta_concat_run03,53,89.71
chemberta_concat,3,chemberta_concat_run03,54,89.71
chemberta_concat,3,chemberta_concat_run03,55,89.71
chemberta_concat,3,chemberta_concat_run03,56,89.71
chemberta_concat,3,chemberta_concat_run03,57,89.71
chemberta_concat,3,chemberta_concat_run03,58,89.71
chemberta_concat,3,chemberta_concat_run03,59,89.71
chemberta_concat,3,chemberta_concat_run03,60,89.71
chemberta_concat,3,chemberta_concat_run03,61,89.71
chemberta_concat,3,chemberta_concat_run03,62,89.71
chemberta_concat,3,chemberta_concat_run03,63,89.71
chemberta_concat,3,chemberta_concat_run03,64,89.71
chemberta_concat,3,chemberta_concat_run03,65,89.71
chemberta_concat,3,chemberta_concat_run03,66,89.71
chemberta_concat,3,chemberta_concat_run03,67,89.71
chemberta_concat,3,chemberta_concat_run03,68,89.71
chemberta_concat,3,chemberta_concat_run03,69,89.71
chemberta_concat,3,chemberta_concat_run03,70,89.71
chemberta_concat,3,chemberta_concat_run03,71,89.71
chemberta_concat,3,chemberta_concat_run03,72,89.71
chemberta_concat,3,chemberta_concat_run03,73,89.71
chemberta_concat,3,chemberta_concat_run03,74,89.71
chemberta_concat,3,chemberta_concat_run03,75,89.71
chemberta_concat,3,chemberta_concat_run03,76,89.71
chemberta_concat,3,chemberta_concat_run03,77,89.71
chemberta_concat,3,chemberta_concat_run03,78,89.71
chemberta_concat,3,chemberta_concat_run03,79,89.71
chemberta_concat,3,chemberta_concat_run03,80,89.71
